{"cameraMode":{"drawMode":0,"name":"Shaded","section":"Shading Mode"},"sceneLighting":true,"audioPlay":false,"sceneViewState":{"m_AlwaysRefresh":false,"showFog":true,"showSkybox":false,"showFlares":true,"showImageEffects":true,"showParticleSystems":true,"showVisualEffectGraphs":true,"m_FxEnabled":true},"in2DMode":false,"pivot":{"x":0.22798272967338563,"y":0.6230742931365967,"z":0.4500061273574829},"rotation":{"x":-0.3830171227455139,"y":0.05546336621046066,"z":-0.023046160116791726,"w":-0.9217886328697205},"size":2.151540994644165,"orthographic":false}