{"cameraMode":{"drawMode":0,"name":"Shaded","section":"Shading Mode"},"sceneLighting":true,"audioPlay":false,"sceneViewState":{"m_AlwaysRefresh":false,"showFog":true,"showSkybox":true,"showFlares":true,"showImageEffects":true,"showParticleSystems":true,"showVisualEffectGraphs":true,"m_FxEnabled":true},"in2DMode":false,"pivot":{"x":0.31689557433128359,"y":-1.0850489139556885,"z":0.3521532416343689},"rotation":{"x":0.49652785062789919,"y":0.045962389558553699,"z":-0.026340719312429429,"w":0.8664038777351379},"size":10.170440673828125,"orthographic":false}