{"cameraMode":{"drawMode":0,"name":"Shaded","section":"Shading Mode"},"sceneLighting":false,"audioPlay":false,"sceneViewState":{"m_AlwaysRefresh":false,"showFog":true,"showSkybox":false,"showFlares":true,"showImageEffects":true,"showParticleSystems":true,"showVisualEffectGraphs":true,"m_FxEnabled":true},"in2DMode":false,"pivot":{"x":-0.007004201412200928,"y":-0.012944698333740235,"z":-0.008021414279937745},"rotation":{"x":-0.24362054467201234,"y":-0.30667224526405337,"z":0.08151829242706299,"w":-0.9164937734603882},"size":1.71746027469635,"orthographic":false}