{"cameraMode":{"drawMode":0,"name":"Shaded","section":"Shading Mode"},"sceneLighting":true,"audioPlay":false,"sceneViewState":{"m_AlwaysRefresh":false,"showFog":true,"showSkybox":false,"showFlares":true,"showImageEffects":true,"showParticleSystems":true,"showVisualEffectGraphs":true,"m_FxEnabled":true},"in2DMode":false,"pivot":{"x":0.06331008672714234,"y":0.802018404006958,"z":0.04720926284790039},"rotation":{"x":-0.4450543522834778,"y":0.04304202273488045,"z":-0.02142254076898098,"w":-0.8942137956619263},"size":3.1487441062927248,"orthographic":false}