{"cameraMode":{"drawMode":0,"name":"Shaded","section":"Shading Mode"},"sceneLighting":true,"audioPlay":false,"sceneViewState":{"m_AlwaysRefresh":false,"showFog":true,"showSkybox":false,"showFlares":true,"showImageEffects":true,"showParticleSystems":true,"showVisualEffectGraphs":true,"m_FxEnabled":true},"in2DMode":false,"pivot":{"x":1.7532035112380982,"y":1.2510523796081544,"z":-0.6560850143432617},"rotation":{"x":-0.4201408326625824,"y":-0.20297633111476899,"z":0.09699977189302445,"w":-0.8791436553001404},"size":1.8257883787155152,"orthographic":false}