{"cameraMode":{"drawMode":0,"name":"Shaded","section":"Shading Mode"},"sceneLighting":false,"audioPlay":false,"sceneViewState":{"m_AlwaysRefresh":false,"showFog":true,"showSkybox":false,"showFlares":true,"showImageEffects":true,"showParticleSystems":true,"showVisualEffectGraphs":true,"m_FxEnabled":true},"in2DMode":false,"pivot":{"x":0.23990297317504884,"y":-0.15220022201538087,"z":-0.052077412605285647},"rotation":{"x":-0.4450543522834778,"y":0.04304202273488045,"z":-0.02142254076898098,"w":-0.8942137956619263},"size":2.516991376876831,"orthographic":false}